plain-0.xlsx	A1	004100000042
plain-0.xlsx	A2	004100000042
plain-1.xlsx	A1	004100080042
plain-1.xlsx	A2	004100080042
plain-2.xlsx	A1	0041000D000A004200090043
plain-2.xlsx	A2	0041000D000A004200090043
plain-3.xlsx	A1	005F00780030003000300030005F
plain-3.xlsx	A2	005F00780030003000300030005F
plain-4.xlsx	A1	005F00780030003000350046005F
plain-4.xlsx	A2	005F00780030003000350046005F
plain-5.xlsx	A1	005F00780030003000350046005F00780030003000300030005F
plain-5.xlsx	A2	005F00780030003000350046005F00780030003000300030005F
plain-6.xlsx	A1	005F00780030003000300030005F005F00780030003000300044005F
plain-6.xlsx	A2	005F00780030003000300030005F005F00780030003000300044005F
plain-7.xlsx	A1	0041FFFE0042FFFF0043
plain-7.xlsx	A2	0041FFFE0042FFFF0043
plain-8.xlsx	A1	4E2D6587D83DDE00003C00260022
plain-8.xlsx	A2	4E2D6587D83DDE00003C00260022
plain-9.xlsx	A1	005F00580030003000300030005F0020005F00780030003000470030005F0020005F0078003000300030005F
plain-9.xlsx	A2	005F00580030003000300030005F0020005F00780030003000470030005F0020005F0078003000300030005F
styled-0.xlsx	A1	004100000042
styled-0.xlsx	A2	004100000042
styled-1.xlsx	A1	004100080042
styled-1.xlsx	A2	004100080042
styled-2.xlsx	A1	0041000D000A004200090043
styled-2.xlsx	A2	0041000D000A004200090043
styled-3.xlsx	A1	005F00780030003000300030005F
styled-3.xlsx	A2	005F00780030003000300030005F
styled-4.xlsx	A1	005F00780030003000350046005F
styled-4.xlsx	A2	005F00780030003000350046005F
styled-5.xlsx	A1	005F00780030003000350046005F00780030003000300030005F
styled-5.xlsx	A2	005F00780030003000350046005F00780030003000300030005F
styled-6.xlsx	A1	005F00780030003000300030005F005F00780030003000300044005F
styled-6.xlsx	A2	005F00780030003000300030005F005F00780030003000300044005F
styled-7.xlsx	A1	0041FFFE0042FFFF0043
styled-7.xlsx	A2	0041FFFE0042FFFF0043
styled-8.xlsx	A1	4E2D6587D83DDE00003C00260022
styled-8.xlsx	A2	4E2D6587D83DDE00003C00260022
styled-9.xlsx	A1	005F00580030003000300030005F0020005F00780030003000470030005F0020005F0078003000300030005F
styled-9.xlsx	A2	005F00580030003000300030005F0020005F00780030003000470030005F0020005F0078003000300030005F
